param_id,参数名(代码字段),中文含义,数据类型,字节数,单位,所属分组,读写
0,motor_id,电机实例ID,u8,1,-,实例标识,RW
1,motor_name,电机名称,char[16],16,-,实例标识,RW
2,r,定子相电阻,f32,4,ohm,电机本体,RW
3,ld,d轴电感,f32,4,H,电机本体,RW
4,lq,q轴电感,f32,4,H,电机本体,RW
5,flux,永磁体磁链,f32,4,Wb,电机本体,RW
6,kt,转矩常数,f32,4,Nm/A,电机本体,RW
7,pole_pairs,极对数,u8,1,-,电机本体,RW
8,rated_current,额定电流,f32,4,A,电机本体,RW
9,peak_current,峰值电流,f32,4,A,电机本体,RW
10,max_speed,最大转速,f32,4,rad/s,电机本体,RW
11,dead_time_ns,PWM死区时间,f32,4,ns,电机本体,RW
12,rated_voltage,额定电压,f32,4,V,电机本体,RW
13,rated_speed_rpm,额定转速,f32,4,rpm,电机本体,RW
14,rated_torque,额定转矩,f32,4,Nm,电机本体,RW
15,peak_torque,峰值转矩,f32,4,Nm,电机本体,RW
16,inertia,转子转动惯量,f32,4,kg·m²,电机本体,RW
17,ke,反电动势常数,f32,4,V/(rad/s),电机本体,RW
18,pwm_freq_hz,PWM载波频率,u32,4,Hz,电机本体,RW
19,foc_freq_hz,FOC控制频率,u32,4,Hz,电机本体,RW
20,gear_ratio,减速比,f32,4,-,减速器,RW
21,gear_efficiency,减速器效率,f32,4,-,减速器,RW
22,output_torque_const,输出转矩常数,f32,4,Nm/A,减速器,RW
23,gear_backlash,回程间隙,f32,4,rad,减速器,RW
24,enc_lines,编码器分辨率,u32,4,CPR,编码器,RW
25,enc_direction,编码器计数方向,i8,1,-,编码器,RW
26,enc_offset,编码器初始偏移,f32,4,deg,编码器,RW
27,elec_angle_bias,电角度偏移,f32,4,rad,编码器,RW
28,pos_filter_alpha,位置滤波系数,f32,4,-,编码器,RW
29,enc_type,编码器类型,u8,1,-,编码器,RW
30,enc_auto_calib,编码器自动校准,u8,1,bool,编码器,RW
31,speed_obs_gain,速度观测器增益,f32,4,-,编码器,RW
32,multiturn_enable,多圈位置使能,u8,1,bool,位置限位,RW
33,pos_min_limit,软件位置负限位,f32,4,rad,位置限位,RW
34,pos_max_limit,软件位置正限位,f32,4,rad,位置限位,RW
35,limit_sw_enable,硬件限位开关使能,u8,1,bool,位置限位,RW
36,homing_method,回零方式,u8,1,-,回零,RW
37,homing_speed_fast,回零快速速度,f32,4,rad/s,回零,RW
38,homing_speed_slow,回零慢速速度,f32,4,rad/s,回零,RW
39,homing_offset,零点位置偏移,f32,4,rad,回零,RW
40,homing_current,回零电流限制,f32,4,A,回零,RW
41,current_kp_d,d轴电流比例增益,f32,4,V/A,电流环,RW
42,current_ki_d,d轴电流积分增益,f32,4,V/(A·s),电流环,RW
43,current_kp_q,q轴电流比例增益,f32,4,V/A,电流环,RW
44,current_ki_q,q轴电流积分增益,f32,4,V/(A·s),电流环,RW
45,current_integral_limit,电流积分限幅,f32,4,V,电流环,RW
46,decoupling_gain,DQ交叉解耦增益,f32,4,-,电流环,RW
47,deadtime_comp_v,死区补偿电压,f32,4,V,电流环,RW
48,pwm_max_duty,PWM最大占空比,f32,4,-,电流环,RW
49,current_bandwidth_hz,电流环带宽,f32,4,Hz,电流环,RW
50,current_filter_alpha,电流采样滤波系数,f32,4,-,电流环,RW
51,d_feedforward_gain,d轴前馈增益,f32,4,-,电流环,RW
52,q_feedforward_gain,q轴前馈增益,f32,4,-,电流环,RW
53,speed_kp,速度环比例增益,f32,4,A/(rad/s),位置速度环,RW
54,speed_ki,速度环积分增益,f32,4,A/rad,位置速度环,RW
55,speed_integral_limit,速度环积分限幅,f32,4,A,位置速度环,RW
56,velocity_ff_gain,速度前馈增益,f32,4,-,位置速度环,RW
57,accel_ff_gain,加速度前馈增益,f32,4,-,位置速度环,RW
58,position_kp,位置环比例增益,f32,4,Hz,位置速度环,RW
59,position_integral_limit,位置环积分限幅,f32,4,rad,位置速度环,RW
60,friction_coulomb,库仑摩擦力矩,f32,4,Nm,位置速度环,RW
61,friction_viscous,粘滞摩擦系数,f32,4,Nm/(rad/s),位置速度环,RW
62,notch_freq_hz,陷波滤波器频率,f32,4,Hz,位置速度环,RW
63,notch_width_hz,陷波滤波器带宽,f32,4,Hz,位置速度环,RW
64,notch_depth_db,陷波滤波器深度,f32,4,dB,位置速度环,RW
65,notch_enable,陷波滤波器使能,u8,1,bool,位置速度环,RW
66,speed_bandwidth_hz,速度环带宽,f32,4,Hz,位置速度环,RW
67,speed_filter_alpha,速度滤波系数,f32,4,-,位置速度环,RW
68,position_bandwidth_hz,位置环带宽,f32,4,Hz,位置速度环,RW
69,impedance_kp,阻抗位置刚度,f32,4,Nm/rad,阻抗控制,RW
70,impedance_kd,阻抗速度阻尼,f32,4,Nm/(rad/s),阻抗控制,RW
71,iq_max,最大输出电流,f32,4,A,阻抗控制,RW
72,thermal_resistance,电机热阻,f32,4,K/W,热模型,RW
73,thermal_time_const,热时间常数,f32,4,s,热模型,RW
74,derating_temp_start,降额起始温度,f32,4,℃,热模型,RW
75,protect_over_current,过流保护阈值,f32,4,A,保护,RW
76,protect_over_voltage,过压保护阈值,f32,4,V,保护,RW
77,protect_under_voltage,欠压保护阈值,f32,4,V,保护,RW
78,protect_over_speed,过速保护阈值,f32,4,rad/s,保护,RW
79,protect_over_temp,过温保护阈值,f32,4,℃,保护,RW
80,protect_under_temp,欠温保护阈值,f32,4,℃,保护,RW
81,protect_pos_error,位置跟随误差限制,i32,4,counts,保护,RW
82,protect_enable_mask,保护使能掩码,u32,4,位掩码,保护,RW

